sensore,mape_vs_evja
1,0.2292301
2,0.11912306
3,0.10012342
4,0.11677574
5,0.1272415
6,0.1538148
7,0.12076588
