sensore,mape_vs_evja
7,0.12076588
7,0.12076588
7,0.12076588
7,0.12076588
7,0.12076588
7,0.12076588
7,0.12076588
